策略-参数1,策略-参数2,策略-参数3,标的,开始时间,结束时间,保证金,使用金额,起始金额,结束金额,最大回撤,盈亏比,胜率,收益率
MA,5,15,DCE.c2501,2024-01-15,2025-01-15,1072.5,44757.31195390541,10000000.0,9995780.0,104.329398493952,2.403030303030304,0.2352941176470588,-9.428627001429591
MA,10,30,DCE.c2501,2024-01-15,2025-01-15,1072.5,46741.55651221202,10000000.0,9997372.0,108.95467718464344,1.5544041450777202,0.3333333333333333,-5.622405833475808
MA,20,40,DCE.c2501,2024-01-15,2025-01-15,1072.5,22440.258398139023,10000000.0,10017192.0,52.3082946343567,3.090909090909091,0.5,76.61230853485064
MA,20,60,DCE.c2501,2024-01-15,2025-01-15,1072.5,30038.423750508337,10000000.0,10007940.0,70.01963578207071,0.0,0.0,26.432811741214056
EMA,5,15,DCE.c2501,2024-01-15,2025-01-15,1072.5,56766.62848116293,10000000.0,9993860.0,132.3231433127341,3.267123287671233,0.1818181818181818,-10.8162139698634
EMA,10,30,DCE.c2501,2024-01-15,2025-01-15,1072.5,49987.56905966932,10000000.0,9987652.0,116.52113999922918,1.5102389078498293,0.2857142857142857,-24.70214141691988
EMA,20,40,DCE.c2501,2024-01-15,2025-01-15,1072.5,27723.79489827813,10000000.0,10021316.0,64.62423053211687,1.0,0.3333333333333333,76.88702098039217
EMA,20,60,DCE.c2501,2024-01-15,2025-01-15,1072.5,21450.0,10000000.0,10025164.0,42.3219756023968,inf,1.0,117.31468531468532
VWMA,5,15,DCE.c2501,2024-01-15,2025-01-15,1072.5,40362.39769919935,10000000.0,9997380.0,94.0848431216768,3.616666666666666,0.1764705882352941,-6.491190190249703
VWMA,10,30,DCE.c2501,2024-01-15,2025-01-15,1072.5,48756.1934515292,10000000.0,9989148.0,113.65080058631514,0.8011444921316168,0.3,-22.25768508935891
VWMA,20,40,DCE.c2501,2024-01-15,2025-01-15,1072.5,28599.837873021832,10000000.0,10007992.0,66.66628874830263,3.939130434782609,0.25,27.94421435353253
VWMA,20,60,DCE.c2501,2024-01-15,2025-01-15,1072.5,21450.0,10000000.0,10018964.0,42.34816817493298,0.0,0.0,88.41025641025641
MA+kσ,5,15,DCE.c2501,2024-01-15,2025-01-15,1072.5,47958.465856987634,10000000.0,9994180.0,111.79129570393388,3.186991869918699,0.1764705882352941,-12.135500783855903
MA+kσ,10,30,DCE.c2501,2024-01-15,2025-01-15,1072.5,56723.13811033405,10000000.0,9990320.0,132.22176715695585,1.4317180616740088,0.2857142857142857,-17.065346386815044
MA+kσ,20,40,DCE.c2501,2024-01-15,2025-01-15,1072.5,21640.23548350852,10000000.0,10014492.0,50.44343935549771,7.023529411764707,0.25,66.96784797487065
MA+kσ,20,60,DCE.c2501,2024-01-15,2025-01-15,1072.5,29838.189203389928,10000000.0,10007240.0,69.5528885859905,0.0,0.0,24.264207022246044
MA,5,15,DCE.c1601,2015-01-15,2016-01-15,1204.5,24090.0,10000000.0,10000000.0,0.0,inf,0.0,0.0
MA,10,30,DCE.c1601,2015-01-15,2016-01-15,1204.5,24090.0,10000000.0,10000000.0,0.0,inf,0.0,0.0
MA,20,40,DCE.c1601,2015-01-15,2016-01-15,1204.5,24090.0,10000000.0,10000000.0,0.0,inf,0.0,0.0
MA,20,60,DCE.c1601,2015-01-15,2016-01-15,1204.5,24090.0,10000000.0,10000000.0,0.0,inf,0.0,0.0
EMA,5,15,DCE.c1601,2015-01-15,2016-01-15,1204.5,24090.0,10000000.0,10002764.0,29.10751349107514,0.0,0.0,11.473640514736406
EMA,10,30,DCE.c1601,2015-01-15,2016-01-15,1204.5,24090.0,10000000.0,10002764.0,29.10751349107514,0.0,0.0,11.473640514736406
EMA,20,40,DCE.c1601,2015-01-15,2016-01-15,1204.5,24090.0,10000000.0,10002764.0,29.10751349107514,0.0,0.0,11.473640514736406
EMA,20,60,DCE.c1601,2015-01-15,2016-01-15,1204.5,24090.0,10000000.0,10002764.0,29.10751349107514,0.0,0.0,11.473640514736406
VWMA,5,15,DCE.c1601,2015-01-15,2016-01-15,1204.5,24090.0,10000000.0,10000000.0,0.0,inf,0.0,0.0
VWMA,10,30,DCE.c1601,2015-01-15,2016-01-15,1204.5,24090.0,10000000.0,10000000.0,0.0,inf,0.0,0.0
VWMA,20,40,DCE.c1601,2015-01-15,2016-01-15,1204.5,24090.0,10000000.0,10000000.0,0.0,inf,0.0,0.0
VWMA,20,60,DCE.c1601,2015-01-15,2016-01-15,1204.5,24090.0,10000000.0,10000000.0,0.0,inf,0.0,0.0
MA+kσ,5,15,DCE.c1601,2015-01-15,2016-01-15,1204.5,24090.0,10000000.0,10000000.0,0.0,inf,0.0,0.0
MA+kσ,10,30,DCE.c1601,2015-01-15,2016-01-15,1204.5,24090.0,10000000.0,10000000.0,0.0,inf,0.0,0.0
MA+kσ,20,40,DCE.c1601,2015-01-15,2016-01-15,1204.5,24090.0,10000000.0,10000000.0,0.0,inf,0.0,0.0
MA+kσ,20,60,DCE.c1601,2015-01-15,2016-01-15,1204.5,24090.0,10000000.0,10000000.0,0.0,inf,0.0,0.0
MA,5,15,DCE.c1901,2018-01-15,2019-01-15,1204.5,35904.86211341185,10000000.0,9991032.0,74.52233730471534,1.0702222222222222,0.2631578947368421,-24.97711861884607
MA,10,30,DCE.c1901,2018-01-15,2019-01-15,1204.5,45104.0,10000000.0,9983948.0,93.61560813615608,0.4814814814814814,0.2,-35.588861298332745
MA,20,40,DCE.c1901,2018-01-15,2019-01-15,1204.5,37314.65575471449,10000000.0,9995692.0,77.44843452618201,0.0,0.25,-11.545061619537275
MA,20,60,DCE.c1901,2018-01-15,2019-01-15,1204.5,35720.0,10000000.0,9984240.0,74.13864674138647,0.0,0.0,-44.120940649496085
EMA,5,15,DCE.c1901,2018-01-15,2019-01-15,1204.5,54007.52473378234,10000000.0,9980084.0,112.09531908215511,1.2684563758389262,0.1428571428571428,-36.87634287661087
EMA,10,30,DCE.c1901,2018-01-15,2019-01-15,1204.5,24090.0,10000000.0,10001120.0,46.3515604179877,3.897435897435898,0.1428571428571428,4.649232046492321
EMA,20,40,DCE.c1901,2018-01-15,2019-01-15,1204.5,26518.43622747671,10000000.0,10002868.0,55.040340862342696,3.333333333333333,0.2,10.815117359855336
EMA,20,60,DCE.c1901,2018-01-15,2019-01-15,1204.5,32806.70292236133,10000000.0,10006264.0,68.09195293142658,inf,1.0,19.093659045299564
VWMA,5,15,DCE.c1901,2018-01-15,2019-01-15,1204.5,53908.01080720027,10000000.0,9980784.0,111.88877294977225,0.7422945205479453,0.1904761904761904,-35.645908116931295
VWMA,10,30,DCE.c1901,2018-01-15,2019-01-15,1204.5,42873.62040528369,10000000.0,9987048.0,88.98634372205,0.38,0.2,-30.209718417910448
VWMA,20,40,DCE.c1901,2018-01-15,2019-01-15,1204.5,46512.29721821607,10000000.0,9990044.0,96.53859945665435,0.7848837209302325,0.1666666666666666,-21.40509197662427
VWMA,20,60,DCE.c1901,2018-01-15,2019-01-15,1204.5,32644.448284026697,10000000.0,9988740.0,67.75518531346346,0.0,0.0,-34.49284822347464
MA+kσ,5,15,DCE.c1901,2018-01-15,2019-01-15,1204.5,56603.049222337926,10000000.0,9980980.0,117.4824599882481,0.4642857142857143,0.2352941176470588,-33.60243001271726
MA+kσ,10,30,DCE.c1901,2018-01-15,2019-01-15,1204.5,49734.42839206281,10000000.0,9981948.0,103.22629388140888,0.7682926829268293,0.1,-36.296787926652726
MA+kσ,20,40,DCE.c1901,2018-01-15,2019-01-15,1204.5,37091.37475749407,10000000.0,9999816.0,76.98500364776686,1.3833333333333333,0.3333333333333333,-0.4960722033168209
MA+kσ,20,60,DCE.c1901,2018-01-15,2019-01-15,1204.5,25272.0,10000000.0,9991540.0,52.453300124533,0.0,0.0,-33.47578347578348
MA,5,15,DCE.c1701,2016-01-15,2017-01-15,1204.5,40791.5885427175,10000000.0,10002576.0,84.66498244648713,1.4259946949602125,0.3846153846153846,6.31502741625857
MA,10,30,DCE.c1701,2016-01-15,2017-01-15,1204.5,61919.99999999999,10000000.0,9996568.0,128.51805728518056,1.0334645669291338,0.4,-5.54263565891473
MA,20,40,DCE.c1701,2016-01-15,2017-01-15,1204.5,34645.196284168895,10000000.0,10003016.0,71.90783786668513,inf,1.0,8.705391579432789
MA,20,60,DCE.c1701,2016-01-15,2017-01-15,1204.5,49363.88394176323,10000000.0,9998016.0,102.45721033989878,0.609375,0.6666666666666666,-4.0191326969746
EMA,5,15,DCE.c1701,2016-01-15,2017-01-15,1204.5,39015.07716870463,10000000.0,10016452.0,80.97774422728233,3.404059040590406,0.2857142857142857,42.1683133647541
EMA,10,30,DCE.c1701,2016-01-15,2017-01-15,1204.5,35758.42998592921,10000000.0,10012144.0,74.21841009947947,2.3472222222222223,0.5,33.961222583817616
EMA,20,40,DCE.c1701,2016-01-15,2017-01-15,1204.5,42993.32968197639,10000000.0,9996892.0,89.23480631377416,0.6721311475409836,0.5,-7.229028370191415
EMA,20,60,DCE.c1701,2016-01-15,2017-01-15,1204.5,48751.79422586946,10000000.0,10002340.0,101.18678751737124,inf,1.0,4.799823344262295
VWMA,5,15,DCE.c1701,2016-01-15,2017-01-15,1204.5,38794.14532023149,10000000.0,10003528.0,80.51918912459836,1.81437125748503,0.3333333333333333,9.094155756951595
VWMA,10,30,DCE.c1701,2016-01-15,2017-01-15,1204.5,55085.04909224046,10000000.0,10001968.0,114.33177478671745,0.5891472868217055,0.6,3.5726572498911
VWMA,20,40,DCE.c1701,2016-01-15,2017-01-15,1204.5,41433.58444838695,10000000.0,10000016.0,85.99747706182431,0.8181818181818182,0.3333333333333333,0.0386160169654906
VWMA,20,60,DCE.c1701,2016-01-15,2017-01-15,1204.5,48621.78370934605,10000000.0,9996616.0,100.91694418710264,0.3181818181818182,0.6666666666666666,-6.959843390832924
MA+kσ,5,15,DCE.c1701,2016-01-15,2017-01-15,1204.5,42078.15610133264,10000000.0,10002176.0,87.33531776947413,1.5404255319148936,0.3846153846153846,5.171329263477601
MA+kσ,10,30,DCE.c1701,2016-01-15,2017-01-15,1204.5,45871.99999999999,10000000.0,10011668.0,95.20963055209629,0.8636363636363636,0.6,25.435995814440187
MA+kσ,20,40,DCE.c1701,2016-01-15,2017-01-15,1204.5,31749.87330003391,10000000.0,10011016.0,65.89845018686988,inf,1.0,34.6962014490566
MA+kσ,20,60,DCE.c1701,2016-01-15,2017-01-15,1204.5,49273.59788334428,10000000.0,9995316.0,102.26981710947338,0.3870967741935484,0.3333333333333333,-9.506105097276263
MA,5,15,DCE.c2401,2023-01-15,2024-01-15,1167.5,51935.66041258136,10000000.0,10005580.0,111.2112642667695,2.2430167597765363,0.3529411764705882,10.744062857142858
MA,10,30,DCE.c2401,2023-01-15,2024-01-15,1167.5,23350.0,10000000.0,10017416.0,47.98136912506128,1.3666666666666667,0.6666666666666666,74.58672376873662
MA,20,40,DCE.c2401,2023-01-15,2024-01-15,1167.5,27860.1606892893,10000000.0,10008516.0,59.6577316687137,0.5396825396825397,0.6666666666666666,30.566945018640663
MA,20,60,DCE.c2401,2023-01-15,2024-01-15,1167.5,23624.63995601149,10000000.0,10015664.0,50.58809412422162,0.0,0.0,66.30365596752368
EMA,5,15,DCE.c2401,2023-01-15,2024-01-15,1167.5,39531.9197314542,10000000.0,10022600.0,84.65079171617602,3.0729166666666665,0.3333333333333333,57.16899192734611
EMA,10,30,DCE.c2401,2023-01-15,2024-01-15,1167.5,50288.14404770117,10000000.0,10023392.0,107.68339196509886,2.7580645161290325,0.5,46.51593420869013
EMA,20,40,DCE.c2401,2023-01-15,2024-01-15,1167.5,83582.30855755725,10000000.0,9996664.0,178.97710611896628,inf,1.0,-3.991275256177845
EMA,20,60,DCE.c2401,2023-01-15,2024-01-15,1167.5,39370.84794854118,10000000.0,10029640.0,84.30588425811816,5.225806451612903,0.5,75.28412910674498
VWMA,5,15,DCE.c2401,2023-01-15,2024-01-15,1167.5,56788.07689593597,10000000.0,10015080.0,121.6018777214903,2.741860465116279,0.2941176470588235,26.5548700084246
VWMA,10,30,DCE.c2401,2023-01-15,2024-01-15,1167.5,30093.479067341745,10000000.0,10014468.0,64.43999800287311,2.1024590163934427,0.4,48.07686066348196
VWMA,20,40,DCE.c2401,2023-01-15,2024-01-15,1167.5,33416.040898484694,10000000.0,10003216.0,71.55469143144474,0.6666666666666666,0.3333333333333333,9.624120373116478
VWMA,20,60,DCE.c2401,2023-01-15,2024-01-15,1167.5,24420.922081595927,10000000.0,10016464.0,52.29319503553732,inf,1.0,67.4176017801047
MA+kσ,5,15,DCE.c2401,2023-01-15,2024-01-15,1167.5,39554.92142236659,10000000.0,10024276.0,84.70004587230532,1.4152823920265782,0.5384615384615384,61.37289400927233
MA+kσ,10,30,DCE.c2401,2023-01-15,2024-01-15,1167.5,25209.7114901887,10000000.0,10017716.0,53.98225158498651,2.083333333333333,0.6666666666666666,70.27450515209127
MA+kσ,20,40,DCE.c2401,2023-01-15,2024-01-15,1167.5,27065.98923114051,10000000.0,10003216.0,57.95715038788117,0.2803030303030303,0.6666666666666666,11.88207078830824
MA+kσ,20,60,DCE.c2401,2023-01-15,2024-01-15,1167.5,32213.24834768252,10000000.0,10011564.0,68.97911851752147,0.0,0.0,35.898273515256754
MA,5,15,DCE.c2001,2019-01-15,2020-01-15,1204.5,43789.14627929971,10000000.0,9999808.0,90.88656346886616,2.055238095238096,0.35,-0.4384648167730173
MA,10,30,DCE.c2001,2019-01-15,2020-01-15,1204.5,24090.0,10000000.0,10020716.0,41.54876900880596,5.277777777777778,0.6666666666666666,85.9941884599419
MA,20,40,DCE.c2001,2019-01-15,2020-01-15,1204.5,24090.0,10000000.0,10019416.0,33.570238239342046,3.338235294117647,0.6666666666666666,80.59775840597759
MA,20,60,DCE.c2001,2019-01-15,2020-01-15,1204.5,24090.0,10000000.0,10016588.0,26.52383823794843,inf,0.0,68.85844748858447
EMA,5,15,DCE.c2001,2019-01-15,2020-01-15,1204.5,27744.778387185008,10000000.0,10007024.0,57.5856753573786,6.0,0.1818181818181818,25.316475417386304
EMA,10,30,DCE.c2001,2019-01-15,2020-01-15,1204.5,26588.30954263548,10000000.0,10003720.0,55.18536642307074,2.833333333333333,0.2857142857142857,13.991111371841155
EMA,20,40,DCE.c2001,2019-01-15,2020-01-15,1204.5,24090.0,10000000.0,10014416.0,46.55219129455392,1.7230769230769232,0.3333333333333333,59.84225819842258
EMA,20,60,DCE.c2001,2019-01-15,2020-01-15,1204.5,24090.0,10000000.0,10013016.0,49.1754077452273,1.413333333333333,0.3333333333333333,54.03071814030718
VWMA,5,15,DCE.c2001,2019-01-15,2020-01-15,1204.5,35725.06792794606,10000000.0,9999604.0,74.1491654793401,2.399137931034483,0.3125,-1.1084653521126762
VWMA,10,30,DCE.c2001,2019-01-15,2020-01-15,1204.5,24090.0,10000000.0,10022868.0,36.12094692555894,6.736363636363636,0.4,94.92735574927356
VWMA,20,40,DCE.c2001,2019-01-15,2020-01-15,1204.5,24090.0,10000000.0,10010740.0,35.83461220467541,3.702702702702703,0.5,44.58281444582815
VWMA,20,60,DCE.c2001,2019-01-15,2020-01-15,1204.5,24090.0,10000000.0,10013940.0,26.521190431652165,8.555555555555555,0.5,57.86633457866335
MA+kσ,5,15,DCE.c2001,2019-01-15,2020-01-15,1204.5,33196.232335332206,10000000.0,10012000.0,68.90044071260317,2.8823529411764706,0.4166666666666667,36.14868060562365
MA+kσ,10,30,DCE.c2001,2019-01-15,2020-01-15,1204.5,24090.0,10000000.0,10020716.0,44.39181565371339,2.894736842105264,0.6666666666666666,85.9941884599419
MA+kσ,20,40,DCE.c2001,2019-01-15,2020-01-15,1204.5,24090.0,10000000.0,10021616.0,33.564206326026365,3.95,0.6666666666666666,89.73017849730178
MA+kσ,20,60,DCE.c2001,2019-01-15,2020-01-15,1204.5,24090.0,10000000.0,10015288.0,26.52728117664285,inf,0.0,63.46201743462018
MA,5,15,DCE.c2301,2022-01-15,2023-01-15,1430.5,94428.27731162768,10000000.0,9995012.0,165.02669925135908,1.0436835891381346,0.4583333333333333,-5.282315998987086
MA,10,30,DCE.c2301,2022-01-15,2023-01-15,1430.5,55314.64390599861,10000000.0,10005472.0,96.6701221705673,4.101145038167939,0.2222222222222222,9.892497923875432
MA,20,40,DCE.c2301,2022-01-15,2023-01-15,1430.5,42254.62592989444,10000000.0,10024540.0,73.84590340771484,inf,1.0,58.076481473803234
MA,20,60,DCE.c2301,2022-01-15,2023-01-15,1430.5,65696.36189547203,10000000.0,9997440.0,114.81363490994762,2.40625,0.5,-3.896715017603497
EMA,5,15,DCE.c2301,2022-01-15,2023-01-15,1430.5,61016.32327907626,10000000.0,10027676.0,106.63460901621158,2.909090909090909,0.3846153846153846,45.35835414634146
EMA,10,30,DCE.c2301,2022-01-15,2023-01-15,1430.5,54306.13251842302,10000000.0,10026820.0,94.90760663827862,4.765676567656765,0.4285714285714285,49.38668757327081
EMA,20,40,DCE.c2301,2022-01-15,2023-01-15,1430.5,66715.52500139405,10000000.0,10016140.0,116.5947658185845,3.8297872340425534,0.5,24.19227008955224
EMA,20,60,DCE.c2301,2022-01-15,2023-01-15,1430.5,63801.47111560929,10000000.0,10017716.0,111.50204668928572,2.095744680851064,0.6666666666666666,27.76738481139145
VWMA,5,15,DCE.c2301,2022-01-15,2023-01-15,1430.5,94237.40048823704,10000000.0,9995012.0,164.69311514896376,1.082146768893757,0.4583333333333333,-5.293015272235374
VWMA,10,30,DCE.c2301,2022-01-15,2023-01-15,1430.5,52730.8828638176,10000000.0,10013944.0,92.1546362527396,3.641509433962264,0.3333333333333333,26.44370669084316
VWMA,20,40,DCE.c2301,2022-01-15,2023-01-15,1430.5,43428.40859478135,10000000.0,10028740.0,75.89725374830715,inf,1.0,66.17787971041055
VWMA,20,60,DCE.c2301,2022-01-15,2023-01-15,1430.5,51738.77620686259,10000000.0,10004440.0,90.42079029511112,inf,1.0,8.581571358100817
MA+kσ,5,15,DCE.c2301,2022-01-15,2023-01-15,1430.5,98878.3319821662,10000000.0,9987452.0,172.8037958444009,1.3975352112676056,0.3571428571428571,-12.690343524669462
MA+kσ,10,30,DCE.c2301,2022-01-15,2023-01-15,1430.5,45986.14036577601,10000000.0,10009520.0,80.36724985280674,2.0434782608695654,0.4285714285714285,20.701889578637072
MA+kσ,20,40,DCE.c2301,2022-01-15,2023-01-15,1430.5,41914.44381622398,10000000.0,10010840.0,73.2513873055295,inf,1.0,25.862206468797567
MA+kσ,20,60,DCE.c2301,2022-01-15,2023-01-15,1430.5,69684.93825900114,10000000.0,9995340.0,121.78423323838015,1.5714285714285714,0.5,-6.68724134142154
MA,5,15,SHFE.au2502,2024-01-15,2025-01-15,34275.0,1584446.965295243,10000000.0,10084500.00000001,115.56870644020738,2.8086581345743724,0.2666666666666666,5.333091094296345
MA,10,30,SHFE.au2502,2024-01-15,2025-01-15,34275.0,1859309.7513029915,10000000.0,9375300.000000134,135.61704969387247,1.2409028097650905,0.1428571428571428,-33.59848995370892
MA,20,40,SHFE.au2502,2024-01-15,2025-01-15,34275.0,978296.5312229876,10000000.0,10196900.000000097,71.35642094988968,4.237953599048186,0.2,20.126821849602848
MA,20,60,SHFE.au2502,2024-01-15,2025-01-15,34275.0,981320.993687252,10000000.0,10307500.000000078,71.57702360957344,0.0,0.0,31.3353125000074
EMA,5,15,SHFE.au2502,2024-01-15,2025-01-15,34275.0,2495197.654433449,10000000.0,9623299.99999997,181.99837012643684,4.985124581628879,0.125,-15.09700040518682
EMA,10,30,SHFE.au2502,2024-01-15,2025-01-15,34275.0,1705580.483086486,10000000.0,10454900.000000143,124.4041198458414,5.113187954309453,0.25,26.6712714240807
EMA,20,40,SHFE.au2502,2024-01-15,2025-01-15,34275.0,786878.420691962,10000000.0,11473900.000000084,57.39448728606579,inf,0.0,187.30974966932905
EMA,20,60,SHFE.au2502,2024-01-15,2025-01-15,34275.0,790512.4563222437,10000000.0,11420900.000000084,57.65955188346052,inf,0.0,179.74416324957562
VWMA,5,15,SHFE.au2502,2024-01-15,2025-01-15,34275.0,2809577.012216024,10000000.0,9409299.999999998,204.9290307962089,1.9423076923077,0.2352941176470588,-21.02451712238681
VWMA,10,30,SHFE.au2502,2024-01-15,2025-01-15,34275.0,2157712.5628537424,10000000.0,9095700.000000073,157.38238970486816,1.1411012782694268,0.1538461538461538,-41.91012350615971
VWMA,20,40,SHFE.au2502,2024-01-15,2025-01-15,34275.0,980812.3598305676,10000000.0,10101900.000000088,71.53992413060304,3.663992449268538,0.2,10.389347052854276
VWMA,20,60,SHFE.au2502,2024-01-15,2025-01-15,34275.0,978160.3825163944,10000000.0,10110700.00000012,71.34649033671731,2.2167070217917706,0.3333333333333333,11.31716250001218
MA+kσ,5,15,SHFE.au2502,2024-01-15,2025-01-15,34275.0,1297119.463260887,10000000.0,10219700.000000052,94.611193527417,2.348481489691881,0.3333333333333333,16.937530136795452
MA+kσ,10,30,SHFE.au2502,2024-01-15,2025-01-15,34275.0,1496951.795606096,10000000.0,9419500.000000171,109.18685598877434,2.026197122611133,0.125,-38.778803813438095
MA+kσ,20,40,SHFE.au2502,2024-01-15,2025-01-15,34275.0,1246955.674622524,10000000.0,10149500.000000102,90.95227386014034,1.987138263665592,0.3333333333333333,11.98919921875802
MA+kσ,20,60,SHFE.au2502,2024-01-15,2025-01-15,34275.0,1131800.4373046858,10000000.0,10221300.00000008,82.55291300544755,0.0,0.0,19.552916990127045
MA,5,15,DCE.c1801,2017-01-15,2018-01-15,1204.5,33773.08200571471,10000000.0,10004428.0,70.09772105793837,1.199248120300752,0.2666666666666666,13.111033216485076
MA,10,30,DCE.c1801,2017-01-15,2018-01-15,1204.5,34972.10786504636,10000000.0,10016868.0,72.58635920516056,0.5707964601769911,0.4,48.23272324645633
MA,20,40,DCE.c1801,2017-01-15,2018-01-15,1204.5,32325.36765808188,10000000.0,10014268.0,67.09291751366102,0.0,0.0,44.13870911204552
MA,20,60,DCE.c1801,2017-01-15,2018-01-15,1204.5,24090.0,10000000.0,10013316.0,38.53881278538813,0.0,0.0,55.27604815276048
EMA,5,15,DCE.c1801,2017-01-15,2018-01-15,1204.5,46216.88260007958,10000000.0,10003728.0,95.92545163984968,0.9242424242424244,0.2,8.06631644167532
EMA,10,30,DCE.c1801,2017-01-15,2018-01-15,1204.5,63188.4757778842,10000000.0,10000572.0,131.15084221229597,0.0,0.0,0.905228355263158
EMA,20,40,DCE.c1801,2017-01-15,2018-01-15,1204.5,39288.97513124654,10000000.0,10008216.0,81.54623314912108,0.0,0.0,20.911718802931595
EMA,20,60,DCE.c1801,2017-01-15,2018-01-15,1204.5,29272.0,10000000.0,10012764.0,60.755500207555,0.0,0.0,43.604810057392726
VWMA,5,15,DCE.c1801,2017-01-15,2018-01-15,1204.5,54247.99999999999,10000000.0,9993328.0,112.59443752594436,0.9294117647058824,0.2,-12.299070933490636
VWMA,10,30,DCE.c1801,2017-01-15,2018-01-15,1204.5,32221.672312788487,10000000.0,10015172.0,66.87769263758507,1.4383561643835616,0.2222222222222222,47.08632082382134
VWMA,20,40,DCE.c1801,2017-01-15,2018-01-15,1204.5,31533.70739790532,10000000.0,10011968.0,65.44978704422026,0.0,0.0,37.95303815369009
VWMA,20,60,DCE.c1801,2017-01-15,2018-01-15,1204.5,24090.0,10000000.0,10012692.0,47.00429301764114,0.0348837209302325,0.25,52.68576172685761
MA+kσ,5,15,DCE.c1801,2017-01-15,2018-01-15,1204.5,40020.84635730705,10000000.0,10001228.0,83.06526848756133,1.0927152317880795,0.2666666666666666,3.068400875474715
MA+kσ,10,30,DCE.c1801,2017-01-15,2018-01-15,1204.5,41859.1674054911,10000000.0,10013220.0,86.88079577727501,1.218045112781955,0.1428571428571428,31.582090183346068
MA+kσ,20,40,DCE.c1801,2017-01-15,2018-01-15,1204.5,24090.0,10000000.0,10020868.0,48.653076114914505,0.9545454545454546,0.4,86.62515566625156
MA+kσ,20,60,DCE.c1801,2017-01-15,2018-01-15,1204.5,36239.31870080842,10000000.0,10004668.0,75.2165186816281,0.0,0.0,12.881036860927152
MA,5,15,SHFE.au1802,2017-01-15,2018-01-15,20998.0,419960.0,10000000.0,10077200.0,30.037702094746816,0.9217171717171538,0.5454545454545454,18.38270311458234
MA,10,30,SHFE.au1802,2017-01-15,2018-01-15,20998.0,514724.2263668932,10000000.0,9790500.0,61.28253004653933,0.1313131313131264,0.2857142857142857,-40.70140655292749
MA,20,40,SHFE.au1802,2017-01-15,2018-01-15,20998.0,640934.8441926345,10000000.0,9840600.0,76.30903469290342,1.402298850574685,0.25,-24.869922651933702
MA,20,60,SHFE.au1802,2017-01-15,2018-01-15,20998.0,419960.0,10000000.0,9923700.0,25.0482991037729,0.0,0.0,-18.168396990189542
EMA,5,15,SHFE.au1802,2017-01-15,2018-01-15,20998.0,955243.4885595707,10000000.0,9740800.0,113.73029438036608,0.6872282608695559,0.3076923076923077,-27.1344430089602
EMA,10,30,SHFE.au1802,2017-01-15,2018-01-15,20998.0,664050.5303112675,10000000.0,9811800.0,79.06116419555048,0.4733178654292193,0.25,-28.34121673117
EMA,20,40,SHFE.au1802,2017-01-15,2018-01-15,20998.0,498186.16742613696,10000000.0,9970200.0,59.31352598177647,0.0,0.0,-5.981699603174604
EMA,20,60,SHFE.au1802,2017-01-15,2018-01-15,20998.0,419960.0,10000000.0,9943600.0,40.74274344224408,0.4513888888888667,0.5,-13.429850461948757
VWMA,5,15,SHFE.au1802,2017-01-15,2018-01-15,20998.0,419960.0,10000000.0,10200200.0,17.850557631533846,1.1007751937984402,0.6363636363636364,47.67120678159824
VWMA,10,30,SHFE.au1802,2017-01-15,2018-01-15,20998.0,494297.3360982613,10000000.0,9819000.0,58.8505257760574,0.2516411378555808,0.2857142857142857,-36.61763614360629
VWMA,20,40,SHFE.au1802,2017-01-15,2018-01-15,20998.0,685023.2411565429,10000000.0,9806600.0,81.55815329514036,0.9964664310953936,0.25,-28.232618746405983
VWMA,20,60,SHFE.au1802,2017-01-15,2018-01-15,20998.0,419960.0,10000000.0,9988200.0,24.88823735315684,0.0,0.0,-2.809791408705591
MA+kσ,5,15,SHFE.au1802,2017-01-15,2018-01-15,20998.0,419960.0,10000000.0,10059200.0,31.3944235505558,0.549082202713479,0.6363636363636364,14.096580626726354
MA+kσ,10,30,SHFE.au1802,2017-01-15,2018-01-15,20998.0,419960.0,10000000.0,9916400.0,45.42035356722425,0.0334821428571425,0.4,-19.906657776931137
MA+kσ,20,40,SHFE.au1802,2017-01-15,2018-01-15,20998.0,506264.2312886278,10000000.0,9888100.0,60.275291847869774,0.939759036144565,0.5,-22.103082359813083
MA+kσ,20,60,SHFE.au1802,2017-01-15,2018-01-15,20998.0,422390.2458334983,10000000.0,9891000.0,50.28934253661043,0.0,0.0,-25.805520149953143
MA,5,15,SHFE.au1702,2016-01-15,2017-01-15,20998.0,722230.9258969136,10000000.0,9980300.0,85.98806146977255,1.953422053231928,0.3076923076923077,-2.727659436008677
MA,10,30,SHFE.au1702,2016-01-15,2017-01-15,20998.0,911730.3720554342,10000000.0,9738600.0,108.54966807022504,0.322159730033744,0.5555555555555556,-28.670757058437296
MA,20,40,SHFE.au1702,2016-01-15,2017-01-15,20998.0,537014.6540271104,10000000.0,9974100.0,63.93640513705001,0.1487414187642993,0.5,-4.822959635416667
MA,20,60,SHFE.au1702,2016-01-15,2017-01-15,20998.0,419960.0,10000000.0,10181900.0,35.52804762142987,inf,0.0,43.313648918944665
EMA,5,15,SHFE.au1702,2016-01-15,2017-01-15,20998.0,897964.0575556749,10000000.0,9697500.0,106.91066501043848,2.108311613090049,0.1764705882352941,-33.68731715425532
EMA,10,30,SHFE.au1702,2016-01-15,2017-01-15,20998.0,1039583.374586642,10000000.0,9641700.0,123.77171332825054,0.9958506224066392,0.1666666666666666,-34.465730095238094
EMA,20,40,SHFE.au1702,2016-01-15,2017-01-15,20998.0,708987.4586672228,10000000.0,9784200.0,84.41130806115139,0.0,0.0,-30.43777394957983
EMA,20,60,SHFE.au1702,2016-01-15,2017-01-15,20998.0,697374.5897796531,10000000.0,9951900.0,83.02869199205318,inf,0.0,-6.897297478991596
VWMA,5,15,SHFE.au1702,2016-01-15,2017-01-15,20998.0,1032568.5042941518,10000000.0,9790200.0,122.93653018074956,1.4008226691041872,0.2857142857142857,-20.31826451489687
VWMA,10,30,SHFE.au1702,2016-01-15,2017-01-15,20998.0,1476593.2769412282,10000000.0,9298000.0,175.8016569365211,0.7268464243845223,0.1666666666666666,-47.541866197183104
VWMA,20,40,SHFE.au1702,2016-01-15,2017-01-15,20998.0,1117981.4002737016,10000000.0,9700300.0,133.1057005754955,0.4041450777202043,0.5,-26.807243834882065
VWMA,20,60,SHFE.au1702,2016-01-15,2017-01-15,20998.0,643245.6210509478,10000000.0,10072500.0,76.58415337781548,0.3779342723004698,0.5,11.27096673919801
MA+kσ,5,15,SHFE.au1702,2016-01-15,2017-01-15,20998.0,421342.512908778,10000000.0,10174700.0,50.16460054633512,2.730276134122254,0.3636363636363636,41.46270424836601
MA+kσ,10,30,SHFE.au1702,2016-01-15,2017-01-15,20998.0,1122653.6538634254,10000000.0,9559700.0,133.66197421938105,0.8236754966887347,0.1666666666666666,-39.219575733333336
MA+kσ,20,40,SHFE.au1702,2016-01-15,2017-01-15,20998.0,470600.0,10000000.0,10253500.0,56.02914563291742,1.6509433962264115,0.5,53.86740331491713
MA+kσ,20,60,SHFE.au1702,2016-01-15,2017-01-15,20998.0,419960.0,10000000.0,10335200.0,34.9979124510078,inf,1.0,79.81712544051814
MA,5,15,SHFE.au1902,2018-01-15,2019-01-15,20998.0,832600.0,10000000.0,9673200.0,99.12848842746928,0.1787985865724305,0.3125,-39.25054047561854
MA,10,30,SHFE.au1902,2018-01-15,2019-01-15,20998.0,419960.0,10000000.0,9901800.0,40.177135333009,0.4995579133510076,0.375,-23.383179350414327
MA,20,40,SHFE.au1902,2018-01-15,2019-01-15,20998.0,419960.0,10000000.0,10081200.0,27.77721184123948,1.4366197183098417,0.5,19.33517477855034
MA,20,60,SHFE.au1902,2018-01-15,2019-01-15,20998.0,419960.0,10000000.0,10061900.0,18.625391250781632,inf,0.0,14.739498999904752
EMA,5,15,SHFE.au1902,2018-01-15,2019-01-15,20998.0,608200.0,10000000.0,9757900.0,72.41165825316696,1.2779209621992929,0.15,-39.80598487339691
EMA,10,30,SHFE.au1902,2018-01-15,2019-01-15,20998.0,419960.0,10000000.0,9986800.0,34.26481194690582,0.7425742574257291,0.375,-3.14315649109439
EMA,20,40,SHFE.au1902,2018-01-15,2019-01-15,20998.0,419960.0,10000000.0,10077400.0,18.596669524018488,inf,0.0,18.430326697780743
EMA,20,60,SHFE.au1902,2018-01-15,2019-01-15,20998.0,419960.0,10000000.0,10061900.0,18.625391250781632,inf,0.0,14.739498999904752
VWMA,5,15,SHFE.au1902,2018-01-15,2019-01-15,20998.0,419960.0,10000000.0,9877900.0,47.02828840841985,1.124324324324309,0.35,-29.07419754262311
VWMA,10,30,SHFE.au1902,2018-01-15,2019-01-15,20998.0,419960.0,10000000.0,10109100.0,29.081316845672163,1.8801652892561933,0.4444444444444444,25.97866463472712
VWMA,20,40,SHFE.au1902,2018-01-15,2019-01-15,20998.0,419960.0,10000000.0,10078000.0,23.00045183193099,0.8246153846153762,0.7142857142857143,18.573197447375943
VWMA,20,60,SHFE.au1902,2018-01-15,2019-01-15,20998.0,419960.0,10000000.0,10037400.0,38.40234788703396,0.3585164835164798,0.8,8.905610058100772
MA+kσ,5,15,SHFE.au1902,2018-01-15,2019-01-15,20998.0,497800.0,10000000.0,9840600.0,59.2675492904086,0.346909090909085,0.3571428571428571,-32.02089192446766
MA+kσ,10,30,SHFE.au1902,2018-01-15,2019-01-15,20998.0,419960.0,10000000.0,10012500.0,27.41174074382216,0.9931412894375732,0.4285714285714285,2.9764739498999906
MA+kσ,20,40,SHFE.au1902,2018-01-15,2019-01-15,20998.0,419960.0,10000000.0,10013800.0,27.145612083163435,0.4145299145299051,0.6666666666666666,3.2860272406895894
MA+kσ,20,60,SHFE.au1902,2018-01-15,2019-01-15,20998.0,419960.0,10000000.0,10065900.0,18.617970702269883,inf,0.0,15.69197066387275
MA,5,15,SHFE.au2302,2022-01-15,2023-01-15,20600.0,1136033.9468100816,10000000.0,9788300.000000004,137.86819742840797,2.240711336932382,0.1764705882352941,-18.635006514940667
MA,10,30,SHFE.au2302,2022-01-15,2023-01-15,20600.0,761900.9528761262,10000000.0,9935100.0,92.46370787331628,0.7380410022779119,0.4285714285714285,-8.518167585301835
MA,20,40,SHFE.au2302,2022-01-15,2023-01-15,20600.0,586804.64715173,10000000.0,10319900.000000002,71.21415620773422,3.375000000000031,0.3333333333333333,54.515587351387374
MA,20,60,SHFE.au2302,2022-01-15,2023-01-15,20600.0,495088.94307837286,10000000.0,10366300.0,60.08360959688991,inf,1.0,73.98670584772371
EMA,5,15,SHFE.au2302,2022-01-15,2023-01-15,20600.0,1753128.1704430128,10000000.0,9565500.000000002,212.75827311201613,2.4347391670172733,0.1481481481481481,-24.78426890432093
EMA,10,30,SHFE.au2302,2022-01-15,2023-01-15,20600.0,910670.7701866972,10000000.0,10122900.0,110.51829735275452,2.4212598425197065,0.2,13.495546801705755
EMA,20,40,SHFE.au2302,2022-01-15,2023-01-15,20600.0,897693.1283215722,10000000.0,9758700.0,108.94334081572478,0.0,0.0,-26.880009703445268
EMA,20,60,SHFE.au2302,2022-01-15,2023-01-15,20600.0,412000.0,10000000.0,10000000.0,0.0,inf,0.0,0.0
VWMA,5,15,SHFE.au2302,2022-01-15,2023-01-15,20600.0,1095847.0561473223,10000000.0,9746500.000000004,132.99114759069448,1.3783142617918136,0.2608695652173913,-23.13279016245461
VWMA,10,30,SHFE.au2302,2022-01-15,2023-01-15,20600.0,647462.7132622541,10000000.0,9972500.000000002,78.57557199784637,2.070693205216219,0.2222222222222222,-4.247348833639983
VWMA,20,40,SHFE.au2302,2022-01-15,2023-01-15,20600.0,839330.6504518758,10000000.0,10028100.0,101.86051583153832,1.9340659340659505,0.3333333333333333,3.347905856276264
VWMA,20,60,SHFE.au2302,2022-01-15,2023-01-15,20600.0,589815.9735358886,10000000.0,10332300.0,71.57960843882142,inf,1.0,56.33960674342104
MA+kσ,5,15,SHFE.au2302,2022-01-15,2023-01-15,20600.0,670103.5989590932,10000000.0,9999100.000000004,81.32325230086083,1.6973492217899024,0.3076923076923077,-0.1343075908552485
MA+kσ,10,30,SHFE.au2302,2022-01-15,2023-01-15,20600.0,676997.1710210753,10000000.0,10105700.0,82.15985085207225,2.555104408352693,0.2857142857142857,15.61306376518219
MA+kσ,20,40,SHFE.au2302,2022-01-15,2023-01-15,20600.0,483694.95757837925,10000000.0,10185700.0,58.70084436630816,0.6622613803230624,0.5,38.39196524390244
MA+kσ,20,60,SHFE.au2302,2022-01-15,2023-01-15,20600.0,425436.8498246773,10000000.0,10498500.0,51.63068565833462,inf,1.0,117.17367694063928
MA,5,15,SHFE.au2402,2023-01-15,2024-01-15,24050.0,1163832.5545546438,10000000.0,9794100.000000004,120.98051502647024,1.5780386019822854,0.3157894736842105,-17.691548427152107
MA,10,30,SHFE.au2402,2023-01-15,2024-01-15,24050.0,1577829.6674257966,10000000.0,9724699.999999998,164.01555794446952,1.4007319304666117,0.25,-17.44801772228997
MA,20,40,SHFE.au2402,2023-01-15,2024-01-15,24050.0,481000.0,10000000.0,10309700.000000002,42.10514127459104,4.897822445561286,0.6,64.38669438669477
MA,20,60,SHFE.au2402,2023-01-15,2024-01-15,24050.0,481000.0,10000000.0,10000000.0,0.0,inf,0.0,0.0
EMA,5,15,SHFE.au2402,2023-01-15,2024-01-15,24050.0,1292424.549126206,10000000.0,9783900.0,134.34766622933537,3.70966643975498,0.125,-16.720511858591887
EMA,10,30,SHFE.au2402,2023-01-15,2024-01-15,24050.0,1244997.602763175,10000000.0,9722700.000000004,129.41763022486228,2.982967572879148,0.125,-22.27313525620857
EMA,20,40,SHFE.au2402,2023-01-15,2024-01-15,24050.0,481000.0,10000000.0,10242700.0,47.66886162858251,4.631118881118912,0.25,50.45738045738045
EMA,20,60,SHFE.au2402,2023-01-15,2024-01-15,24050.0,481000.0,10000000.0,10348300.0,48.2053942702895,0.0,0.0,72.4116424116424
VWMA,5,15,SHFE.au2402,2023-01-15,2024-01-15,24050.0,1196421.5209498955,10000000.0,9781700.0,124.3681414708831,1.0289172831203872,0.4,-18.246077672247264
VWMA,10,30,SHFE.au2402,2023-01-15,2024-01-15,24050.0,1643172.1871486637,10000000.0,9716300.0,170.80791966202324,1.7747071192550412,0.2,-17.26538473684211
VWMA,20,40,SHFE.au2402,2023-01-15,2024-01-15,24050.0,481000.0,10000000.0,10304100.0,42.32769519615052,10.43621399176996,0.6,63.222453222453225
VWMA,20,60,SHFE.au2402,2023-01-15,2024-01-15,24050.0,481000.0,10000000.0,10000000.0,0.0,inf,0.0,0.0
MA+kσ,5,15,SHFE.au2402,2023-01-15,2024-01-15,24050.0,1390606.461072469,10000000.0,9721700.000000002,144.55368618216932,0.9258373205741744,0.4,-20.012851068257408
MA+kσ,10,30,SHFE.au2402,2023-01-15,2024-01-15,24050.0,1343735.1971617255,10000000.0,9793899.999999998,139.6814134263748,1.5110410094637317,0.25,-15.33784338129506
MA+kσ,20,40,SHFE.au2402,2023-01-15,2024-01-15,24050.0,481000.0,10000000.0,10289300.000000002,41.95155486883191,5.364217252396181,0.5,60.145530145530536
MA+kσ,20,60,SHFE.au2402,2023-01-15,2024-01-15,24050.0,481000.0,10000000.0,10063500.0,9.000992070353075,inf,0.0,13.201663201663202
MA,5,15,SHFE.au2002,2019-01-15,2020-01-15,20998.0,674074.074074074,10000000.0,10273300.0,80.25455687137752,2.5282569064647697,0.3529411764705882,40.54450549450549
MA,10,30,SHFE.au2002,2019-01-15,2020-01-15,20998.0,432380.1760987215,10000000.0,10666000.0,51.4787332244406,6.272407732864729,0.4,154.03111354669002
MA,20,40,SHFE.au2002,2019-01-15,2020-01-15,20998.0,419960.0,10000000.0,10749500.0,40.643906000159866,inf,1.0,178.46937803600343
MA,20,60,SHFE.au2002,2019-01-15,2020-01-15,20998.0,795364.5653814266,10000000.0,10329800.0,94.69527638125376,4.982536764705914,0.5,41.46526188802998
EMA,5,15,SHFE.au2002,2019-01-15,2020-01-15,20998.0,631857.8085074403,10000000.0,10492900.0,75.2283322825317,9.50087750087762,0.2,78.00805709188225
EMA,10,30,SHFE.au2002,2019-01-15,2020-01-15,20998.0,459124.4280794386,10000000.0,10472100.0,54.662875997647234,7.577836411609579,0.3333333333333333,102.82615585819283
EMA,20,40,SHFE.au2002,2019-01-15,2020-01-15,20998.0,653731.0039034373,10000000.0,10367900.0,77.83253213442201,0.0,0.0,56.27696985507247
EMA,20,60,SHFE.au2002,2019-01-15,2020-01-15,20998.0,649472.8915662651,10000000.0,10437100.0,77.32556571652837,0.0,0.0,67.3007304347826
VWMA,5,15,SHFE.au2002,2019-01-15,2020-01-15,20998.0,422831.7330395089,10000000.0,10439300.0,50.34190554332662,2.49444769140858,0.45,103.89475663099115
VWMA,10,30,SHFE.au2002,2019-01-15,2020-01-15,20998.0,422175.1237917827,10000000.0,10491600.0,50.26373033048179,5.54461784713889,0.3333333333333333,116.44456821251688
VWMA,20,40,SHFE.au2002,2019-01-15,2020-01-15,20998.0,419960.0,10000000.0,10691900.0,40.8185617253628,21.34415584415636,0.6666666666666666,164.75378607486428
VWMA,20,60,SHFE.au2002,2019-01-15,2020-01-15,20998.0,826383.2005361496,10000000.0,10321300.000000002,98.38832276123316,1.4546413502109834,0.75,38.8802676278445
MA+kσ,5,15,SHFE.au2002,2019-01-15,2020-01-15,20998.0,721282.2796081923,10000000.0,10246900.0,85.87511663113062,4.876957494407229,0.2307692307692307,34.23070370370371
MA+kσ,10,30,SHFE.au2002,2019-01-15,2020-01-15,20998.0,419960.0,10000000.0,10709000.0,49.72777796336944,5.2676056338028365,0.6666666666666666,168.82560243832745
MA+kσ,20,40,SHFE.au2002,2019-01-15,2020-01-15,20998.0,419960.0,10000000.0,10707900.000000002,40.65146864199232,inf,1.0,168.56367273073673
MA+kσ,20,60,SHFE.au2002,2019-01-15,2020-01-15,20998.0,803599.7093402395,10000000.0,10324900.0,95.67574403993709,4.717117117117132,0.5,40.430577092511015
MA,5,15,SHFE.au1602,2015-01-15,2016-01-15,20998.0,419960.0,10000000.0,10000000.0,0.0,inf,0.0,0.0
MA,10,30,SHFE.au1602,2015-01-15,2016-01-15,20998.0,419960.0,10000000.0,10000000.0,0.0,inf,0.0,0.0
MA,20,40,SHFE.au1602,2015-01-15,2016-01-15,20998.0,419960.0,10000000.0,10000000.0,0.0,inf,0.0,0.0
MA,20,60,SHFE.au1602,2015-01-15,2016-01-15,20998.0,419960.0,10000000.0,10000000.0,0.0,inf,0.0,0.0
EMA,5,15,SHFE.au1602,2015-01-15,2016-01-15,20998.0,419960.0,10000000.0,10000000.0,0.0,inf,0.0,0.0
EMA,10,30,SHFE.au1602,2015-01-15,2016-01-15,20998.0,419960.0,10000000.0,10000000.0,0.0,inf,0.0,0.0
EMA,20,40,SHFE.au1602,2015-01-15,2016-01-15,20998.0,419960.0,10000000.0,10000000.0,0.0,inf,0.0,0.0
EMA,20,60,SHFE.au1602,2015-01-15,2016-01-15,20998.0,419960.0,10000000.0,10000000.0,0.0,inf,0.0,0.0
VWMA,5,15,SHFE.au1602,2015-01-15,2016-01-15,20998.0,419960.0,10000000.0,10000000.0,0.0,inf,0.0,0.0
VWMA,10,30,SHFE.au1602,2015-01-15,2016-01-15,20998.0,419960.0,10000000.0,10000000.0,0.0,inf,0.0,0.0
VWMA,20,40,SHFE.au1602,2015-01-15,2016-01-15,20998.0,419960.0,10000000.0,10000000.0,0.0,inf,0.0,0.0
VWMA,20,60,SHFE.au1602,2015-01-15,2016-01-15,20998.0,419960.0,10000000.0,10000000.0,0.0,inf,0.0,0.0
MA+kσ,5,15,SHFE.au1602,2015-01-15,2016-01-15,20998.0,419960.0,10000000.0,10000000.0,0.0,inf,0.0,0.0
MA+kσ,10,30,SHFE.au1602,2015-01-15,2016-01-15,20998.0,419960.0,10000000.0,10000000.0,0.0,inf,0.0,0.0
MA+kσ,20,40,SHFE.au1602,2015-01-15,2016-01-15,20998.0,419960.0,10000000.0,10000000.0,0.0,inf,0.0,0.0
MA+kσ,20,60,SHFE.au1602,2015-01-15,2016-01-15,20998.0,419960.0,10000000.0,10000000.0,0.0,inf,0.0,0.0
MA,5,15,CFFEX.IF2501,2024-01-15,2025-01-15,113850.0,2277000.0,10000000.0,9453290.72500005,29.90105728174096,0.0,0.0,-24.01006916995828
MA,10,30,CFFEX.IF2501,2024-01-15,2025-01-15,113850.0,2277000.0,10000000.0,9882738.145000003,12.161424296821204,inf,0.0,-5.149839920948391
MA,20,40,CFFEX.IF2501,2024-01-15,2025-01-15,113850.0,2277000.0,10000000.0,10000000.0,0.0,inf,0.0,0.0
MA,20,60,CFFEX.IF2501,2024-01-15,2025-01-15,113850.0,2277000.0,10000000.0,10000000.0,0.0,inf,0.0,0.0
EMA,5,15,CFFEX.IF2501,2024-01-15,2025-01-15,113850.0,2297918.408729165,10000000.0,9094643.305000003,50.45934143015294,0.0,0.0,-39.398992216642405
EMA,10,30,CFFEX.IF2501,2024-01-15,2025-01-15,113850.0,2740777.9726886693,10000000.0,8870243.305,60.183969536422254,0.0,0.0,-41.22029242272853
EMA,20,40,CFFEX.IF2501,2024-01-15,2025-01-15,113850.0,2811824.9615591327,10000000.0,8834243.305000022,61.74407030213291,0.0,0.0,-41.45907767863245
EMA,20,60,CFFEX.IF2501,2024-01-15,2025-01-15,113850.0,3041543.558907085,10000000.0,8717843.305000033,66.78839611126669,0.0,0.0,-42.154802986306166
VWMA,5,15,CFFEX.IF2501,2024-01-15,2025-01-15,113850.0,2277000.0,10000000.0,9418490.72500004,31.02264229248887,0.0,0.0,-25.53839591567682
VWMA,10,30,CFFEX.IF2501,2024-01-15,2025-01-15,113850.0,2277000.0,10000000.0,9945138.145000003,12.086727218597156,inf,0.0,-2.4093919631092104
VWMA,20,40,CFFEX.IF2501,2024-01-15,2025-01-15,113850.0,2277000.0,10000000.0,10000000.0,0.0,inf,0.0,0.0
VWMA,20,60,CFFEX.IF2501,2024-01-15,2025-01-15,113850.0,2277000.0,10000000.0,10000000.0,0.0,inf,0.0,0.0
MA+kσ,5,15,CFFEX.IF2501,2024-01-15,2025-01-15,113850.0,2277000.0,10000000.0,9184490.725000037,39.08489072920394,0.0,0.0,-35.815075757574135
MA+kσ,10,30,CFFEX.IF2501,2024-01-15,2025-01-15,113850.0,2277000.0,10000000.0,9949938.145000003,12.081019278600508,inf,0.0,-2.19858827404457
MA+kσ,20,40,CFFEX.IF2501,2024-01-15,2025-01-15,113850.0,2277000.0,10000000.0,10000000.0,0.0,inf,0.0,0.0
MA+kσ,20,60,CFFEX.IF2501,2024-01-15,2025-01-15,113850.0,2277000.0,10000000.0,10000000.0,0.0,inf,0.0,0.0
MA,5,15,CFFEX.IF2401,2023-01-15,2024-01-15,96738.0,1934760.0,10000000.0,9576932.507800004,25.908776050353072,0.0,0.0,-21.866665229795665
MA,10,30,CFFEX.IF2401,2023-01-15,2024-01-15,96738.0,1934760.0,10000000.0,10000000.0,0.0,inf,0.0,0.0
MA,20,40,CFFEX.IF2401,2023-01-15,2024-01-15,96738.0,1934760.0,10000000.0,10000000.0,0.0,inf,0.0,0.0
MA,20,60,CFFEX.IF2401,2023-01-15,2024-01-15,96738.0,1934760.0,10000000.0,10000000.0,0.0,inf,0.0,0.0
EMA,5,15,CFFEX.IF2401,2023-01-15,2024-01-15,96738.0,1934760.0,10000000.0,10223887.512999969,32.37134706553724,1.152610441767071,0.5,11.57184937666525
EMA,10,30,CFFEX.IF2401,2023-01-15,2024-01-15,96738.0,1934760.0,10000000.0,10822377.502599994,18.749948299572317,inf,0.0,42.50540132109376
EMA,20,40,CFFEX.IF2401,2023-01-15,2024-01-15,96738.0,1934760.0,10000000.0,10822377.502599994,18.749948299572317,inf,0.0,42.50540132109376
EMA,20,60,CFFEX.IF2401,2023-01-15,2024-01-15,96738.0,1934760.0,10000000.0,10822377.502599994,18.749948299572317,inf,0.0,42.50540132109376
VWMA,5,15,CFFEX.IF2401,2023-01-15,2024-01-15,96738.0,1934760.0,10000000.0,9576932.507800004,25.908776050353072,0.0,0.0,-21.866665229795665
VWMA,10,30,CFFEX.IF2401,2023-01-15,2024-01-15,96738.0,1934760.0,10000000.0,9801932.507800026,12.935324908515508,0.0,0.0,-10.237315853127733
VWMA,20,40,CFFEX.IF2401,2023-01-15,2024-01-15,96738.0,1934760.0,10000000.0,10000000.0,0.0,inf,0.0,0.0
VWMA,20,60,CFFEX.IF2401,2023-01-15,2024-01-15,96738.0,1934760.0,10000000.0,10000000.0,0.0,inf,0.0,0.0
MA+kσ,5,15,CFFEX.IF2401,2023-01-15,2024-01-15,96738.0,1934760.0,10000000.0,9518732.507800024,27.57279932394697,0.0,0.0,-24.8747902685592
MA+kσ,10,30,CFFEX.IF2401,2023-01-15,2024-01-15,96738.0,1934760.0,10000000.0,10000000.0,0.0,inf,0.0,0.0
MA+kσ,20,40,CFFEX.IF2401,2023-01-15,2024-01-15,96738.0,1934760.0,10000000.0,10000000.0,0.0,inf,0.0,0.0
MA+kσ,20,60,CFFEX.IF2401,2023-01-15,2024-01-15,96738.0,1934760.0,10000000.0,10000000.0,0.0,inf,0.0,0.0
MA,5,15,CFFEX.IF1601,2015-01-15,2016-01-15,140250.0,2805000.0,10000000.0,10000000.0,0.0,inf,0.0,0.0
MA,10,30,CFFEX.IF1601,2015-01-15,2016-01-15,140250.0,2805000.0,10000000.0,10000000.0,0.0,inf,0.0,0.0
MA,20,40,CFFEX.IF1601,2015-01-15,2016-01-15,140250.0,2805000.0,10000000.0,10000000.0,0.0,inf,0.0,0.0
MA,20,60,CFFEX.IF1601,2015-01-15,2016-01-15,140250.0,2805000.0,10000000.0,10000000.0,0.0,inf,0.0,0.0
EMA,5,15,CFFEX.IF1601,2015-01-15,2016-01-15,140250.0,2805000.0,10000000.0,10230632.275000023,19.818986631016017,0.0,0.0,8.22218449197942
EMA,10,30,CFFEX.IF1601,2015-01-15,2016-01-15,140250.0,2805000.0,10000000.0,10230632.275000023,19.818986631016017,0.0,0.0,8.22218449197942
EMA,20,40,CFFEX.IF1601,2015-01-15,2016-01-15,140250.0,2805000.0,10000000.0,10230632.275000023,19.818986631016017,0.0,0.0,8.22218449197942
EMA,20,60,CFFEX.IF1601,2015-01-15,2016-01-15,140250.0,2805000.0,10000000.0,10230632.275000023,19.818986631016017,0.0,0.0,8.22218449197942
VWMA,5,15,CFFEX.IF1601,2015-01-15,2016-01-15,140250.0,2805000.0,10000000.0,10000000.0,0.0,inf,0.0,0.0
VWMA,10,30,CFFEX.IF1601,2015-01-15,2016-01-15,140250.0,2805000.0,10000000.0,10000000.0,0.0,inf,0.0,0.0
VWMA,20,40,CFFEX.IF1601,2015-01-15,2016-01-15,140250.0,2805000.0,10000000.0,10000000.0,0.0,inf,0.0,0.0
VWMA,20,60,CFFEX.IF1601,2015-01-15,2016-01-15,140250.0,2805000.0,10000000.0,10000000.0,0.0,inf,0.0,0.0
MA+kσ,5,15,CFFEX.IF1601,2015-01-15,2016-01-15,140250.0,2805000.0,10000000.0,10000000.0,0.0,inf,0.0,0.0
MA+kσ,10,30,CFFEX.IF1601,2015-01-15,2016-01-15,140250.0,2805000.0,10000000.0,10000000.0,0.0,inf,0.0,0.0
MA+kσ,20,40,CFFEX.IF1601,2015-01-15,2016-01-15,140250.0,2805000.0,10000000.0,10000000.0,0.0,inf,0.0,0.0
MA+kσ,20,60,CFFEX.IF1601,2015-01-15,2016-01-15,140250.0,2805000.0,10000000.0,10000000.0,0.0,inf,0.0,0.0
MA,5,15,CFFEX.IF2301,2022-01-15,2023-01-15,124530.0,2490600.0,10000000.0,9996740.743000008,15.404667191110308,0.0,0.0,-0.13086232233164033
MA,10,30,CFFEX.IF2301,2022-01-15,2023-01-15,124530.0,2490600.0,10000000.0,10228913.581000013,0.09625534817096056,inf,0.0,9.191101782703496
MA,20,40,CFFEX.IF2301,2022-01-15,2023-01-15,124530.0,2490600.0,10000000.0,10000000.0,0.0,inf,0.0,0.0
MA,20,60,CFFEX.IF2301,2022-01-15,2023-01-15,124530.0,2490600.0,10000000.0,10000000.0,0.0,inf,0.0,0.0
EMA,5,15,CFFEX.IF2301,2022-01-15,2023-01-15,124530.0,2490600.0,10000000.0,9590022.22899998,32.02518295565975,0.05629397967162085,0.25,-16.461004215852412
EMA,10,30,CFFEX.IF2301,2022-01-15,2023-01-15,124530.0,2490600.0,10000000.0,10707713.581000017,19.02836104690236,inf,0.0,28.4153850879313
EMA,20,40,CFFEX.IF2301,2022-01-15,2023-01-15,124530.0,2490600.0,10000000.0,10707713.581000017,19.02836104690236,inf,0.0,28.4153850879313
EMA,20,60,CFFEX.IF2301,2022-01-15,2023-01-15,124530.0,2490600.0,10000000.0,10707713.581000017,19.02836104690236,inf,0.0,28.4153850879313
VWMA,5,15,CFFEX.IF2301,2022-01-15,2023-01-15,124530.0,2490600.0,10000000.0,10117940.743000008,15.220922993323393,0.0,0.0,4.735434955432754
VWMA,10,30,CFFEX.IF2301,2022-01-15,2023-01-15,124530.0,2490600.0,10000000.0,10228913.581000013,0.09625534817096056,inf,0.0,9.191101782703496
VWMA,20,40,CFFEX.IF2301,2022-01-15,2023-01-15,124530.0,2490600.0,10000000.0,10000000.0,0.0,inf,0.0,0.0
VWMA,20,60,CFFEX.IF2301,2022-01-15,2023-01-15,124530.0,2490600.0,10000000.0,10000000.0,0.0,inf,0.0,0.0
MA+kσ,5,15,CFFEX.IF2301,2022-01-15,2023-01-15,124530.0,2490600.0,10000000.0,10027940.743000016,15.356944006132087,0.0,0.0,1.1218478679842454
MA+kσ,10,30,CFFEX.IF2301,2022-01-15,2023-01-15,124530.0,2490600.0,10000000.0,10182113.581000015,0.6378550951575593,inf,0.0,7.312036497230191
MA+kσ,20,40,CFFEX.IF2301,2022-01-15,2023-01-15,124530.0,2490600.0,10000000.0,10000000.0,0.0,inf,0.0,0.0
MA+kσ,20,60,CFFEX.IF2301,2022-01-15,2023-01-15,124530.0,2490600.0,10000000.0,10000000.0,0.0,inf,0.0,0.0
MA,5,15,CFFEX.IF1901,2018-01-15,2019-01-15,140250.0,2805000.0,10000000.0,10528232.275000004,11.008521546527309,inf,1.0,18.831810160427953
MA,10,30,CFFEX.IF1901,2018-01-15,2019-01-15,140250.0,2805000.0,10000000.0,10000000.0,0.0,inf,0.0,0.0
MA,20,40,CFFEX.IF1901,2018-01-15,2019-01-15,140250.0,2805000.0,10000000.0,10000000.0,0.0,inf,0.0,0.0
MA,20,60,CFFEX.IF1901,2018-01-15,2019-01-15,140250.0,2805000.0,10000000.0,10000000.0,0.0,inf,0.0,0.0
EMA,5,15,CFFEX.IF1901,2018-01-15,2019-01-15,140250.0,2805000.0,10000000.0,10519187.12499998,13.848589581480017,3.387559808612471,0.5,18.509344919785367
EMA,10,30,CFFEX.IF1901,2018-01-15,2019-01-15,140250.0,2805000.0,10000000.0,10000000.0,0.0,inf,0.0,0.0
EMA,20,40,CFFEX.IF1901,2018-01-15,2019-01-15,140250.0,2805000.0,10000000.0,10000000.0,0.0,inf,0.0,0.0
EMA,20,60,CFFEX.IF1901,2018-01-15,2019-01-15,140250.0,2805000.0,10000000.0,10000000.0,0.0,inf,0.0,0.0
VWMA,5,15,CFFEX.IF1901,2018-01-15,2019-01-15,140250.0,2805000.0,10000000.0,10507832.275000006,11.029614080241943,inf,1.0,18.104537433155294
VWMA,10,30,CFFEX.IF1901,2018-01-15,2019-01-15,140250.0,2805000.0,10000000.0,10000000.0,0.0,inf,0.0,0.0
VWMA,20,40,CFFEX.IF1901,2018-01-15,2019-01-15,140250.0,2805000.0,10000000.0,10000000.0,0.0,inf,0.0,0.0
VWMA,20,60,CFFEX.IF1901,2018-01-15,2019-01-15,140250.0,2805000.0,10000000.0,10000000.0,0.0,inf,0.0,0.0
MA+kσ,5,15,CFFEX.IF1901,2018-01-15,2019-01-15,140250.0,2805000.0,10000000.0,10278032.274999993,13.999618359519541,inf,1.0,9.912024064170872
MA+kσ,10,30,CFFEX.IF1901,2018-01-15,2019-01-15,140250.0,2805000.0,10000000.0,10000000.0,0.0,inf,0.0,0.0
MA+kσ,20,40,CFFEX.IF1901,2018-01-15,2019-01-15,140250.0,2805000.0,10000000.0,10000000.0,0.0,inf,0.0,0.0
MA+kσ,20,60,CFFEX.IF1901,2018-01-15,2019-01-15,140250.0,2805000.0,10000000.0,10000000.0,0.0,inf,0.0,0.0
MA,5,15,CFFEX.IF1701,2016-01-15,2017-01-15,140250.0,2805000.0,10000000.0,9846677.424999986,6.428612299465746,inf,0.0,-5.466045454545959
MA,10,30,CFFEX.IF1701,2016-01-15,2017-01-15,140250.0,2805000.0,10000000.0,10000000.0,0.0,inf,0.0,0.0
MA,20,40,CFFEX.IF1701,2016-01-15,2017-01-15,140250.0,2805000.0,10000000.0,10000000.0,0.0,inf,0.0,0.0
MA,20,60,CFFEX.IF1701,2016-01-15,2017-01-15,140250.0,2805000.0,10000000.0,10000000.0,0.0,inf,0.0,0.0
EMA,5,15,CFFEX.IF1701,2016-01-15,2017-01-15,140250.0,2805000.0,10000000.0,10105787.124999996,13.575044325517377,1.807174887892407,0.5,3.771377005347461
EMA,10,30,CFFEX.IF1701,2016-01-15,2017-01-15,140250.0,2805000.0,10000000.0,10172477.42500001,8.783028747848904,inf,0.0,6.14892780748699
EMA,20,40,CFFEX.IF1701,2016-01-15,2017-01-15,140250.0,2805000.0,10000000.0,9990077.424999999,8.94172237407513,inf,0.0,-0.3537459893048527
EMA,20,60,CFFEX.IF1701,2016-01-15,2017-01-15,140250.0,2805000.0,10000000.0,9996077.425000003,8.936411026385455,inf,0.0,-0.13984224598921183
VWMA,5,15,CFFEX.IF1701,2016-01-15,2017-01-15,140250.0,2805000.0,10000000.0,9846677.424999986,6.428612299465746,inf,0.0,-5.466045454545959
VWMA,10,30,CFFEX.IF1701,2016-01-15,2017-01-15,140250.0,2805000.0,10000000.0,9999077.425,0.03289037433152424,inf,0.0,-0.03289037433152424
VWMA,20,40,CFFEX.IF1701,2016-01-15,2017-01-15,140250.0,2805000.0,10000000.0,10000000.0,0.0,inf,0.0,0.0
VWMA,20,60,CFFEX.IF1701,2016-01-15,2017-01-15,140250.0,2805000.0,10000000.0,10000000.0,0.0,inf,0.0,0.0
MA+kσ,5,15,CFFEX.IF1701,2016-01-15,2017-01-15,140250.0,2805000.0,10000000.0,9866477.42499999,5.722729946524436,inf,0.0,-4.76016310160465
MA+kσ,10,30,CFFEX.IF1701,2016-01-15,2017-01-15,140250.0,2805000.0,10000000.0,10000000.0,0.0,inf,0.0,0.0
MA+kσ,20,40,CFFEX.IF1701,2016-01-15,2017-01-15,140250.0,2805000.0,10000000.0,10000000.0,0.0,inf,0.0,0.0
MA+kσ,20,60,CFFEX.IF1701,2016-01-15,2017-01-15,140250.0,2805000.0,10000000.0,10000000.0,0.0,inf,0.0,0.0
MA,5,15,CFFEX.IF2001,2019-01-15,2020-01-15,140250.0,2805000.0,10000000.0,10815077.42500001,7.886977458971326,inf,0.0,29.058018716577898
MA,10,30,CFFEX.IF2001,2019-01-15,2020-01-15,140250.0,2805000.0,10000000.0,10000000.0,0.0,inf,0.0,0.0
MA,20,40,CFFEX.IF2001,2019-01-15,2020-01-15,140250.0,2805000.0,10000000.0,10000000.0,0.0,inf,0.0,0.0
MA,20,60,CFFEX.IF2001,2019-01-15,2020-01-15,140250.0,2805000.0,10000000.0,10000000.0,0.0,inf,0.0,0.0
EMA,5,15,CFFEX.IF2001,2019-01-15,2020-01-15,140250.0,2805000.0,10000000.0,10733432.275000026,10.312276905939342,0.0,0.0,26.147318181819124
EMA,10,30,CFFEX.IF2001,2019-01-15,2020-01-15,140250.0,2805000.0,10000000.0,10171232.27500003,16.448783267098488,0.0,0.0,6.104537433156156
EMA,20,40,CFFEX.IF2001,2019-01-15,2020-01-15,140250.0,2805000.0,10000000.0,10098032.275000038,18.80627063947115,0.0,0.0,3.494911764707224
EMA,20,60,CFFEX.IF2001,2019-01-15,2020-01-15,140250.0,2805000.0,10000000.0,10098032.275000038,18.80627063947115,0.0,0.0,3.494911764707224
VWMA,5,15,CFFEX.IF2001,2019-01-15,2020-01-15,140250.0,2805000.0,10000000.0,10063232.275000004,6.6955018244555475,0.0,0.0,2.254270053476082
VWMA,10,30,CFFEX.IF2001,2019-01-15,2020-01-15,140250.0,2805000.0,10000000.0,10000000.0,0.0,inf,0.0,0.0
VWMA,20,40,CFFEX.IF2001,2019-01-15,2020-01-15,140250.0,2805000.0,10000000.0,10000000.0,0.0,inf,0.0,0.0
VWMA,20,60,CFFEX.IF2001,2019-01-15,2020-01-15,140250.0,2805000.0,10000000.0,10000000.0,0.0,inf,0.0,0.0
MA+kσ,5,15,CFFEX.IF2001,2019-01-15,2020-01-15,140250.0,2805000.0,10000000.0,10758677.425000004,7.929587401076356,inf,0.0,27.047323529411926
MA+kσ,10,30,CFFEX.IF2001,2019-01-15,2020-01-15,140250.0,2805000.0,10000000.0,10000000.0,0.0,inf,0.0,0.0
MA+kσ,20,40,CFFEX.IF2001,2019-01-15,2020-01-15,140250.0,2805000.0,10000000.0,10000000.0,0.0,inf,0.0,0.0
MA+kσ,20,60,CFFEX.IF2001,2019-01-15,2020-01-15,140250.0,2805000.0,10000000.0,10000000.0,0.0,inf,0.0,0.0
MA,5,15,CFFEX.IF1801,2017-01-15,2018-01-15,140250.0,2805000.0,10000000.0,10610477.425000042,9.512640553467651,inf,0.0,21.7639010695202
MA,10,30,CFFEX.IF1801,2017-01-15,2018-01-15,140250.0,2805000.0,10000000.0,10345877.42500003,0.5779688556535578,inf,0.0,12.330745989305903
MA,20,40,CFFEX.IF1801,2017-01-15,2018-01-15,140250.0,2805000.0,10000000.0,10000000.0,0.0,inf,0.0,0.0
MA,20,60,CFFEX.IF1801,2017-01-15,2018-01-15,140250.0,2805000.0,10000000.0,10000000.0,0.0,inf,0.0,0.0
EMA,5,15,CFFEX.IF1801,2017-01-15,2018-01-15,140250.0,2805000.0,10000000.0,9847741.975000007,31.95290904762325,0.16629711751663007,0.3333333333333333,-5.428093582887448
EMA,10,30,CFFEX.IF1801,2017-01-15,2018-01-15,140250.0,2805000.0,10000000.0,9979832.275000012,18.223621762477205,0.0,0.0,-0.7189919786092139
EMA,20,40,CFFEX.IF1801,2017-01-15,2018-01-15,140250.0,2805000.0,10000000.0,9738632.274999993,22.64845972781995,0.0,0.0,-9.3179224598933
EMA,20,60,CFFEX.IF1801,2017-01-15,2018-01-15,140250.0,2805000.0,10000000.0,9531032.274999965,26.171553463258856,0.0,0.0,-16.718991978610877
VWMA,5,15,CFFEX.IF1801,2017-01-15,2018-01-15,140250.0,2805000.0,10000000.0,10007987.12500005,24.52808823529365,0.0,0.0,0.2847459893066057
VWMA,10,30,CFFEX.IF1801,2017-01-15,2018-01-15,140250.0,2805000.0,10000000.0,10000000.0,0.0,inf,0.0,0.0
VWMA,20,40,CFFEX.IF1801,2017-01-15,2018-01-15,140250.0,2805000.0,10000000.0,10000000.0,0.0,inf,0.0,0.0
VWMA,20,60,CFFEX.IF1801,2017-01-15,2018-01-15,140250.0,2805000.0,10000000.0,10000000.0,0.0,inf,0.0,0.0
MA+kσ,5,15,CFFEX.IF1801,2017-01-15,2018-01-15,140250.0,2805000.0,10000000.0,10610477.425000042,9.512640553467651,inf,0.0,21.7639010695202
MA+kσ,10,30,CFFEX.IF1801,2017-01-15,2018-01-15,140250.0,2805000.0,10000000.0,10303277.425000027,0.5803546394259933,inf,0.0,10.812029411765662
MA+kσ,20,40,CFFEX.IF1801,2017-01-15,2018-01-15,140250.0,2805000.0,10000000.0,10000000.0,0.0,inf,0.0,0.0
MA+kσ,20,60,CFFEX.IF1801,2017-01-15,2018-01-15,140250.0,2805000.0,10000000.0,10000000.0,0.0,inf,0.0,0.0
